<?xml version="1.0"?>
<mystuff>
	<language 
		lc0="ru"
		lc1="en" />
	<folder application="EXPLORER"
	        position="0"
	        display="on"
	        location="RINGINGTONE"
			icon="Sounds.png"
			title_lc0="Звуки"
		    title_lc1="Sounds" />
	<folder application="EXPLORER"
	        position="1"
	        display="on"
	        location="PICTURES"
			icon="Pictures.png"
			title_lc0="Картинки"
			title_lc1="Pictures" />
	<folder application="EXPLORER"
	        position="2"
	        display="on"
	        location="VIDEOS"
			icon="Videos.png"
			title_lc0="Видео"
			title_lc1="Videos" />
	<folder application="THEME"
	        position="3"
	        display="on"
	        location="THEMES"
			icon="Themes.png"
			title_lc0="Темы"
		    title_lc1="Themes" />
	<folder application="EXPLORER"
	        position="4"
	        display="on"
	        location="AVATAR" />
	<folder application="JAM"
	        position="5"
	        display="on"
	        location="JAVA_JAM_GAMES"
			icon="Games.png"
			title_lc0="Игры"
		    title_lc1="Games" />
	<folder application="JAM"
	        position="6"
	        display="on"
	        location="JAVA_JAM_APPL"
			icon="Applications.png"
			title_lc0="Приложения"
		    title_lc1="Applications" />
	<folder application="EXPLORER"
	        position="7"
	        display="on"
	        location="MISC"
			icon="Misc.png"
			title_lc0="Разное"
		    title_lc1="Misc" />
	<folder application="EXPLORER"
	        position="8"
	        display="on"
	        location="PERSISTENT_DATA"
			icon="System.png"
			title_lc0="Система"
		    title_lc1="System" />
	<folder position="9"
	        display="off" />
</mystuff>
